theta_new(rad)	theta(rad)	delta3pSmoothed_Cf	delta3pSmoothed_Cf_smooth	delta2p_Cf	delta2p_Cf_smooth	delta3p_Cf	delta3p_Cf_smooth	delta4p_Cf	delta4p_Cf_smooth
-3.14159265359	0	8.11801e-08	-5.51236532531e-08	8.53095e-07	1.79985934629e-08	-1.3914e-07	1.37490850774e-07	-4.88867e-07	-2.0057715068e-07
-3.12907635359	-0.0125163	-0.00127379	-0.00182259829584	0.0303792	-0.0018532842146	-0.00170148	-0.00179501678718	-0.00138606	-0.00186533135185
-3.11656005359	-0.0250326	-0.00467278	-0.00364180753098	-0.0684852	-0.00370194387616	-0.00449772	-0.00358718484455	-0.00446693	-0.00372653781738
-3.10404375359	-0.0375489	-0.00381093	-0.00545436031428	0.0893092	-0.00554136348323	-0.00448513	-0.0053733841975	-0.00418844	-0.00557992558716
-3.09152745359	-0.0500652	-0.00934124	-0.00725695709955	-0.133191	-0.00736703548984	-0.00836178	-0.00715064078172	-0.00874637	-0.00742164827434
-3.07901115359	-0.0625815	-0.00635135	-0.0090463326047	0.137678	-0.00917458506771	-0.00703649	-0.00891599340041	-0.00729335	-0.00924793065707
-3.06649485359	-0.0750978	-0.0140453	-0.0108192668809	-0.180579	-0.0109598102569	-0.012494	-0.0106664984441	-0.0119791	-0.0110550909208
-3.05397855359	-0.0876141	-0.00902204	-0.0125725960826	0.163066	-0.0127187187255	-0.00996797	-0.012399234956	-0.0126541	-0.0128395616899
-3.04146265359	-0.10013	-0.0186344	-0.0143032228658	-0.18493	-0.0144475604324	-0.0172591	-0.0141113101037	-0.0101878	-0.0145979095774
-3.02894565359	-0.112647	-0.0117278	-0.0160081263474	0.16311	-0.0161428555757	-0.0128856	-0.0157998650994	-0.0330579	-0.0163268530016
-3.01642965359	-0.125163	-0.0207432	-0.0176843715573	-0.173344	-0.017801417314	-0.0221319	-0.0174620815954	0.0166563	-0.0180232780427
-3.00391365359	-0.137679	-0.017095	-0.0193291183209	0.136169	-0.0194203688587	-0.0131937	-0.0190951885584	-0.0767923	-0.0196842521382
-2.99139665359	-0.150196	-0.0219075	-0.020939629513	-0.160656	-0.0209971546627	-0.0289257	-0.0206964696053	0.0642989	-0.0213070354477
-2.97888065359	-0.162712	-0.0231887	-0.0225132786254	0.0562905	-0.0225295455539	-0.0142196	-0.0222632707618	-0.139659	-0.0228890897482
-2.96636465359	-0.175228	-0.0226075	-0.0240475565998	-0.0984132	-0.0240156377962	-0.0227906	-0.0237930085819	0.135068	-0.0244280847582
-2.95384765359	-0.187745	-0.0312717	-0.0255400778767	0.0257103	-0.0254538461928	-0.0397617	-0.0252831785451	-0.243186	-0.0259219018228
-2.94133165359	-0.200261	-0.0135317	-0.026988585621	0.0218014	-0.0268428914697	0.00176252	-0.0267313636289	0.259703	-0.0273686349339
-2.92881565359	-0.212777	-0.0445485	-0.0283909560872	-0.0817246	-0.0281817823063	-0.0751747	-0.0281352429336	-0.385023	-0.028766589094
-2.91629965359	-0.225293	-0.012457	-0.0297452020948	-0.0121255	-0.0294697924875	0.0298447	-0.0294926002231	0.387698	-0.0301142760746
-2.90378265359	-0.23781	-0.0557663	-0.0310494755887	-0.123523	-0.0307064337581	-0.0871498	-0.0308013322313	-0.490514	-0.0314104076586
-2.89126665359	-0.250326	-0.00426254	-0.0323020692682	0.122583	-0.0318914250478	0.0208007	-0.0320594565731	0.431749	-0.0326538864925
-2.87875065359	-0.262842	-0.0507104	-0.0335014172717	-0.0945975	-0.0330246588091	-0.0935035	-0.0332651190951	-0.469681	-0.0338437947138
-2.86623365359	-0.275359	-0.0275756	-0.0346460949134	-0.0851095	-0.0341061652659	0.0250879	-0.0344166004981	0.358916	-0.0349793805501
-2.85371765359	-0.287875	-0.049059	-0.0357348174729	-0.0306672	-0.0351360754104	-0.0682844	-0.0355123220645	-0.376624	-0.0360600431222
-2.84120165359	-0.300391	-0.0133211	-0.0367664380474	0.0727953	-0.0361145836044	-0.0366416	-0.0365508503336	0.201607	-0.0370853157094
-2.82868465359	-0.312908	-0.0520315	-0.0377399444806	-0.133177	-0.0370419106385	-0.0303301	-0.0375309005741	-0.0751543	-0.0380548477617
-2.81616865359	-0.325424	-0.0506285	-0.0386544553922	-0.0675463	-0.0379182680864	-0.0241502	-0.0384513389199	-0.244704	-0.0389683859636
-2.80365265359	-0.33794	-0.0109103	-0.0395092153352	0.0765359	-0.0387438247488	-0.0701873	-0.0393111830544	0.27051	-0.0398257546717
-2.79113565359	-0.350457	-0.0564688	-0.0403035891168	-0.118941	-0.0395186759249	-0.0246821	-0.0401096013467	-0.205983	-0.0406268360566
-2.77861965359	-0.362973	-0.0582746	-0.0410370553257	-0.0831857	-0.0402428161774	-0.00935126	-0.0408459103718	-0.174036	-0.0413715502871
-2.76610365359	-0.375489	0.0029826	-0.0417091991113	0.130034	-0.0409161161635	-0.117606	-0.0415195707705	0.313509	-0.0420598360931
-2.75358765359	-0.388005	-0.0876304	-0.0423197042696	-0.259401	-0.0415383040064	0.0378713	-0.0421301814348	-0.369246	-0.042691632037
-2.74107065359	-0.400522	-0.0267688	-0.0428683446937	0.0827419	-0.0421089515646	-0.0645549	-0.0426774720361	-0.0222012	-0.0432668588121
-2.72855465359	-0.413038	-0.0128051	-0.0433549752532	0.04129	-0.0426274658383	-0.118358	-0.0431612939407	0.422289	-0.0437854028659
-2.71603865359	-0.425554	-0.119186	-0.0437795221691	-0.321146	-0.0430930856226	0.1297	-0.0435816095908	-1.01542	-0.0442471016237
-2.70352165359	-0.438071	0.0594038	-0.0441419729569	0.314478	-0.0435048833913	-0.280921	-0.043938480457	1.35873	-0.0446517305572
-2.69100565359	-0.450587	-0.153915	-0.0444423660127	-0.402878	-0.0438617722634	0.195357	-0.0442320536974	-1.74953	-0.0449989923071
-2.67848965359	-0.463103	0.0536053	-0.0446807799198	0.219545	-0.044162517783	-0.249298	-0.0444625476833	1.7745	-0.0452885080298
-2.66597265359	-0.47562	-0.123831	-0.0448573225558	-0.228682	-0.0444057541206	0.112252	-0.0446302365756	-1.85102	-0.0455198110946
-2.65345665359	-0.488136	0.0146468	-0.0449721200822	0.0834661	-0.0445900042003	-0.161583	-0.0447354341555	1.58401	-0.0456923432079
-2.64094065359	-0.500652	-0.0912949	-0.045025305896	-0.146061	-0.0447137031528	0.0497206	-0.044778477129	-1.39427	-0.0458054529957
-2.62842365359	-0.513169	-0.00837786	-0.0450170096289	0.0716492	-0.0447752244193	-0.128526	-0.0447597081369	1.02922	-0.0458583970192
-2.61590765359	-0.525685	-0.075471	-0.0449473462725	-0.166464	-0.044772907756	0.0454725	-0.0446794587081	-0.944422	-0.0458503431504
-2.60339165359	-0.538201	-0.016233	-0.0448164055108	0.101835	-0.0447050883461	-0.149907	-0.0445380324002	0.824871	-0.0457803761803
-2.59087565359	-0.550717	-0.0726202	-0.0446242413383	-0.188492	-0.0445701261907	0.0702355	-0.0443356883633	-1.01311	-0.0456475054834
-2.57835865359	-0.563234	-0.013525	-0.0443708620385	0.0809861	-0.0443664349439	-0.169463	-0.0440726255631	1.12053	-0.0454506745133
-2.56584265359	-0.57575	-0.0784236	-0.0440562205963	-0.156542	-0.044092509363	0.099614	-0.0437489678813	-1.40265	-0.0451887718618
-2.55332665359	-0.588266	-0.00940206	-0.0436802056103	0.095347	-0.0437469505769	-0.206531	-0.0433647503017	1.31572	-0.0448606435736
-2.54080965359	-0.600783	-0.0772824	-0.0432426327728	-0.237128	-0.0433284884228	0.13363	-0.0429199063648	-1.19404	-0.0444651063741
-2.52829365359	-0.613299	-0.0122764	-0.0427432369725	0.130901	-0.0428360001713	-0.198964	-0.0424142570554	0.801559	-0.0440009614423
-2.51577765359	-0.625815	-0.0611988	-0.0421816650778	-0.135388	-0.0422685250418	0.0495967	-0.0418475012568	-0.525444	-0.0434670083405
-2.50326065359	-0.638332	-0.0338335	-0.0415574694463	-0.022357	-0.0416252740119	-0.0541711	-0.0412192078812	0.0517239	-0.0428620586996
-2.49074465359	-0.650848	-0.0403925	-0.040870102204	0.0309934	-0.0409056345369	-0.099109	-0.0405288097497	0.161515	-0.0421849492577
-2.47822865359	-0.663364	-0.0498175	-0.0401189103307	-0.182824	-0.0401091699174	0.064274	-0.0397755992688	-0.372208	-0.0414345538541
-2.46571265359	-0.67588	-0.0264196	-0.0393031315804	0.0869503	-0.0392356131871	-0.127469	-0.0389587259139	0.242304	-0.0406097939965
-2.45319565359	-0.688397	-0.0418508	-0.0384218912612	-0.0714602	-0.0382848555252	-0.0189735	-0.0380771955024	-0.133761	-0.0397096476439
-2.44067965359	-0.700913	-0.0450604	-0.0374741998905	-0.0851786	-0.0372569293384	0.0104118	-0.0371298712043	-0.14886	-0.0387331558798
-2.42816365359	-0.713429	-0.0279418	-0.0364589517365	0.0512423	-0.0361519862925	-0.0987329	-0.0361154762128	0.151855	-0.0376794271943
-2.41564665359	-0.725946	-0.0383238	-0.0353749242497	-0.08229	-0.034970270705	-0.00604533	-0.0350325979685	-0.128391	-0.0365476391416
-2.40313065359	-0.738462	-0.0359299	-0.0342207783826	-0.070208	-0.0337120888336	-0.0165634	-0.0338796938085	-0.115832	-0.0353370371982
-2.39061465359	-0.750978	-0.0287444	-0.032995059788	0.0319354	-0.0323777747113	-0.0623415	-0.0326550978917	0.147746	-0.0340469307104
-2.37809765359	-0.763495	-0.0354207	-0.0316962008841	-0.0189475	-0.0309676532755	-0.0434654	-0.0313570292339	-0.174644	-0.0326766858875
-2.36558165359	-0.776011	-0.0312529	-0.030322523765	-0.129703	-0.0294820016249	0.0339825	-0.0299836006774	0.0200388	-0.0312257158715
-2.35306565359	-0.788527	-0.0231544	-0.0288722439333	0.0520687	-0.0279210093039	-0.0863395	-0.0285328286095	-0.0538296	-0.0296934679857
-2.34054865359	-0.801044	-0.033296	-0.0273434748258	-0.00796452	-0.0262847385607	-0.0293704	-0.0270026432442	0.0152244	-0.0280794083447
-2.32803265359	-0.81356	-0.0219426	-0.0257342330988	-0.105352	-0.0245730855516	0.0130051	-0.0253908992806	-0.0381008	-0.0263830040784
-2.31551665359	-0.826076	-0.0267389	-0.0240424446365	0.015727	-0.0227857434671	-0.0430705	-0.0236953867608	-0.106498	-0.0246037034978
-2.30300065359	-0.838592	-0.0223582	-0.0222659512417	-0.00716627	-0.020922168539	-0.0189059	-0.0219138419581	0.112488	-0.0227409145978
-2.29048365359	-0.851109	-0.016054	-0.0204025179677	-0.00946876	-0.0189815498451	-0.0416166	-0.0200439581425	-0.113889	-0.0207939823526
-2.27796765359	-0.863625	-0.0194604	-0.0184498410436	-0.0406838	-0.0169627837695	0.00467206	-0.0180833960877	0.0141554	-0.0187621653163
-2.26545165359	-0.876141	-0.0264089	-0.0164055563496	-0.0399045	-0.0148644538899	0.000470793	-0.0160297942053	-0.0489535	-0.0166446120834
-2.25293465359	-0.888658	-0.00133652	-0.0142672483903	0.0279699	-0.0126848169687	-0.0412686	-0.0138807782144	0.0174077	-0.014440338203
-2.24041865359	-0.901174	-0.0157476	-0.0120324597203	-0.0124548	-0.0104217955993	-0.0198363	-0.0116339702805	-0.000506809	-0.0121482041587
-2.22790265359	-0.91369	-0.0133505	-0.00969870077073	-0.0276312	-0.00807297793317	0.0137413	-0.00928699758297	-0.0765908	-0.00976689504202
-2.21538565359	-0.926207	-3.4666e-05	-0.00726346002706	0.01213	-0.0056356247657	-0.0215596	-0.00683750029716	0.107672	-0.00729490253958
-2.20286965359	-0.938723	-0.0193483	-0.00472421451013	-0.0517266	-0.00310668410509	0.0270804	-0.00428313900275	-0.178287	-0.00473050984184
-2.19035365359	-0.951239	0.0145789	-0.00207844051031	0.0566825	-0.000482813192759	-0.0421016	-0.00162160155387	0.158133	-0.00207178004722
-2.17783665359	-0.963756	-0.00690595	0.000676375472227	-0.00942563	0.00223959221974	0.0123505	0.00114939052969	-0.0389143	0.000683451407453
-2.16532065359	-0.976272	0.00206374	0.00354272562838	-0.0325329	0.0050643616907	0.0136945	0.00403207607175	-0.14699	0.00353757981827
-2.15280465359	-0.988788	0.017968	0.00652306962739	0.0667669	0.00799550751386	-0.0249763	0.00702864855344	0.394416	0.00649322938672
-2.14029265359	-1.0013	-0.0179106	0.00961982333471	-0.108647	0.0110371764048	0.087672	0.0101412506221	-0.698079	0.0095532461756
-2.12777265359	-1.01382	0.0536716	0.0128353475031	0.155731	0.0141935962391	-0.0874859	0.0133719686767	1.09722	0.0127206856245
-2.11525265359	-1.02634	-0.0374332	0.0161719364778	-0.124308	0.0174690187529	0.126989	0.0167228274063	-1.42856	0.0159987945041
-2.10274265359	-1.03885	0.0894392	0.0196318069555	0.205195	0.0208676592224	-0.11841	0.0201957841564	1.68306	0.0193909872966
-2.09022265359	-1.05137	-0.0583677	0.0232170868343	-0.205206	0.0243936342179	0.193024	0.0237927230039	-1.62645	0.0229008171083
-2.07770265359	-1.06389	0.116312	0.0269298041912	0.319355	0.0280508985963	-0.179952	0.0275154484277	1.51792	0.026531941333
-2.06519265359	-1.0764	-0.0592714	0.0307718764227	-0.3038	0.0318431829274	0.259349	0.0313656784765	-1.20141	0.0302880824069
-2.05267265359	-1.08892	0.110708	0.0347450995793	0.383974	0.0357739325681	-0.151716	0.0353450373504	0.883508	0.0341729841108
-2.04016265359	-1.10143	-0.00911672	0.038851137929	-0.229169	0.0398462495849	0.158144	0.0394550473354	-0.240342	0.0381903639852
-2.02764265359	-1.11395	0.0496264	0.043091513778	0.168365	0.0440628386883	0.0106163	0.0436971200506	-0.541262	0.0423438625303
-2.01512265359	-1.12647	0.0883599	0.047467597579	0.0598379	0.0484259582809	-0.021389	0.0480725469969	1.67631	0.0466369899563
-2.00261265359	-1.13898	-0.0325291	0.0519805983558	-0.116351	0.0529373776353	0.215471	0.0525824894202	-2.55023	0.0510730713312
-1.99009265359	-1.1515	0.169185	0.0566315544718	0.371796	0.0575983411107	-0.16567	0.0572279675334	3.10778	0.0556551910436
-1.97757265359	-1.16402	-0.0420575	0.0614213247678	-0.288139	0.0624095401852	0.270138	0.0620098491698	-2.60171	0.0603861375489
-1.96506265359	-1.17653	0.115882	0.066350580097	0.275763	0.0673710939374	-0.0412172	0.0669288379667	1.77231	0.0652683494013
-1.95254265359	-1.18905	0.102318	0.0714197952806	0.227836	0.072482538447	0.0171416	0.0719854612077	-0.517062	0.0703038635888
-1.94002265359	-1.20157	-0.0179031	0.0766292415089	-0.482377	0.0777428254088	0.277613	0.0771800574752	-0.192907	0.0754942671865
-1.92751265359	-1.21408	0.181364	0.0819789792123	0.745857	0.083150330075	-0.140205	0.0825127642854	0.665636	0.0808406533108
-1.91499265359	-1.2266	0.0430382	0.0874688514233	-0.144684	0.0887028684477	0.172248	0.0879835058981	-0.374104	0.086343582318
-1.90248265359	-1.23911	0.0735059	0.0930984776541	-0.249861	0.0943977234601	0.213023	0.0935919815051	0.39764	0.0920030491154
-1.88996265359	-1.25163	0.129861	0.0988672483084	0.563885	0.100231679694	-0.112034	0.0993376540113	-0.411872	0.0978184573697
-1.87744265359	-1.26415	0.121101	0.10477431965	0.110829	0.106201066006	0.246734	0.105219739624	1.16654	0.103788601289
-1.86493265359	-1.27666	0.0504753	0.110818609343	-0.343186	0.112301805258	0.0740559	0.111237198468	-1.55677	0.109911655529
-1.85241265359	-1.28918	0.164114	0.116998792592	0.437615	0.118529470206	0.153731	0.117388726427	2.20769	0.116185173635
-1.83989265359	-1.3017	0.118232	0.12331329888	0.279109	0.124879344445	0.0174798	0.12367274842	-2.29414	0.122606095277
-1.82738265359	-1.31421	0.129761	0.129760309341	-0.0628296	0.131346487212	0.230203	0.130087413263	3.11377	0.129170762375
-1.81486265359	-1.32673	0.107495	0.136337754765	-0.0439762	0.137925800729	0.106644	0.136630590293	-3.87174	0.135874944036
-1.80235265359	-1.33924	0.179565	0.143043314246	0.33927	0.144612098724	0.187528	0.143299867854	5.41036	0.142713870051
-1.78983265359	-1.35176	0.124864	0.149874414499	0.224153	0.151400174714	0.0264349	0.150092553755	-6.30832	0.149682272526
-1.77731265359	-1.36428	0.192387	0.156828229826	0.228277	0.158284868611	0.266108	0.157005677723	7.6315	0.156774435051
-1.76480265359	-1.37679	0.115466	0.163901682762	-0.146566	0.165261130247	0.128467	0.164035995894	-8.09815	0.163984248631
-1.75228265359	-1.38931	0.202738	0.171091445381	0.242062	0.172324078439	0.174733	0.171179997291	8.93582	0.171305273479
-1.73976265359	-1.40183	0.163455	0.178393941273	0.207669	0.1794690543	0.248593	0.178433912218	-8.7596	0.178730805578
-1.72725265359	-1.41434	0.197921	0.185805348186	0.299745	0.186691667587	0.0339692	0.185793722477	8.90785	0.186253946858
-1.71473265359	-1.42686	0.187296	0.193321601315	0.221129	0.19398783502	0.303827	0.193255173218	-7.90847	0.193867677668
-1.70221265359	-1.43938	0.206512	0.200938397247	0.208169	0.201353809631	0.144849	0.20081378626	7.35742	0.201564930187
-1.68970265359	-1.45189	0.203493	0.208651198525	0.11424	0.208786200385	0.247107	0.208464874634	-5.75575	0.209338661338
-1.67718265359	-1.46441	0.212134	0.216455238836	0.102366	0.21628198151	0.210434	0.216203558095	4.81038	0.217181923746
-1.66467265359	-1.47692	0.229087	0.224345528788	0.231773	0.223838491134	0.235454	0.224024779305	-2.94284	0.225087933276
-1.65215265359	-1.48944	0.229604	0.232316862257	0.232948	0.231453419087	0.231904	0.231923320396	1.91981	0.233050131739
-1.63963265359	-1.50196	0.242623	0.240363823284	0.264276	0.239124783905	0.240591	0.239893819575	0.0881983	0.241062243365
-1.62712265359	-1.51447	0.247641	0.248480793485	0.265819	0.2468508993	0.244973	0.247930787451	-1.19157	0.249118323793
-1.61460265359	-1.52699	0.257326	0.25666195995	0.272291	0.254630330586	0.252506	0.256028622747	3.34333	0.257212800382
-1.60208265359	-1.53951	0.264724	0.264901323597	0.275383	0.262461841756	0.260319	0.264181627097	-4.5072	0.265340502844
-1.58957265359	-1.55202	0.273354	0.273192707937	0.28069	0.270344334081	0.269381	0.272384018601	6.75793	0.273496683329
-1.57705265359	-1.56454	0.281577	0.281529768233	0.286846	0.278276777324	0.279057	0.280629943883	-7.92045	0.281677025311
-1.56454265359	-1.57705	0.289974	0.289906000991	0.295043	0.286258134802	0.286545	0.288913488385	10.196	0.289877640813
-1.55202265359	-1.58957	0.298714	0.298314753768	0.305516	0.294287283668	0.292028	0.297228684708	-11.2731	0.298095055748
-1.53950265359	-1.60209	0.30678	0.306749235237	0.316746	0.302362931923	0.298719	0.305569518824	13.4894	0.306326183378
-1.52699265359	-1.6146	0.316569	0.315202525485	0.331034	0.310483533755	0.307893	0.313929934053	-14.3971	0.314568286154
-1.51447265359	-1.62712	0.32301	0.323667586496	0.340868	0.318647204841	0.316865	0.322303832745	16.4838	0.322818926411
-1.50195265359	-1.63964	0.335755	0.332137272781	0.359856	0.326851639315	0.331545	0.330685075663	-17.1708	0.331075906675
-1.48944265359	-1.65215	0.337087	0.340604342122	0.339252	0.335094030074	0.336811	0.339067479136	19.1141	0.339337200533
-1.47692265359	-1.66467	0.354564	0.349061466387	0.371281	0.343370994084	0.367489	0.34744481009	-19.6371	0.347600875276
-1.46441265359	-1.67718	0.352136	0.357501242383	0.218241	0.351678504268	0.340208	0.355810779148	21.6057	0.355865007688
-1.45189265359	-1.6897	0.355336	0.365916202714	0.243459	0.360011829472	0.442239	0.364159032024	-22.3136	0.364127594568
-1.43937265359	-1.70222	0.384532	0.374298826611	0.388041	0.368365483885	0.263323	0.372483139511	24.3543	0.372386459714
-1.42686265359	-1.71473	0.370582	0.382641550701	0.398125	0.376733187115	0.614782	0.380776586406	-24.4964	0.380639159216
-1.41434265359	-1.72725	0.416984	0.390936779701	0.53399	0.385107835996	0.082126	0.389032759747	25.5091	0.388882887008
-1.40182265359	-1.73977	0.365695	0.39917689699	0.393778	0.393481488945	0.491692	0.397244936778	-24.0596	0.397114382674
-1.38931265359	-1.75228	0.471032	0.40735427506	0.611027	0.40184536352	0.464333	0.405406273108	23.4248	0.405329843527
-1.37679265359	-1.7648	0.325126	0.415461285808	-0.156356	0.410189847582	0.296838	0.41350979151	-20.5494	0.41352484296
-1.36427265359	-1.77732	0.491063	0.42349031066	0.618696	0.418504524231	0.745834	0.421548371833	18.8369	0.421694256988
-1.35176265359	-1.78983	0.381774	0.431433750518	0.439112	0.426778210441	0.103784	0.429514742517	-15.109	0.429832200816
-1.33924265359	-1.80235	0.501032	0.439284035503	0.831311	0.434999009072	0.481772	0.437401474138	12.8714	0.437931977126
-1.32673265359	-1.81486	0.404598	0.447033634494	0.120147	0.443154373709	0.391705	0.445200975444	-8.74524	0.445986037581
-1.31421265359	-1.82738	0.456959	0.454675064458	0.0859747	0.45123118553	0.824061	0.45290549226	7.11625	0.45398595885
-1.30169265359	-1.8399	0.435833	0.462200899555	0.627963	0.459215841193	0.108295	0.460507109628	-5.1123	0.461922434206
-1.28918265359	-1.85241	0.570701	0.46960378002	1.37018	0.467094350526	0.483425	0.46799775747	5.63955	0.469785281484
-1.27666265359	-1.86493	0.360126	0.476876420823	-0.709216	0.474852442621	0.406075	0.475369220016	-3.63291	0.477563467875
-1.26414265359	-1.87745	0.526564	0.484011620089	0.490104	0.482475678771	1.13803	0.48261314916	2.68597	0.485245151755
-1.25163265359	-1.88996	0.51274	0.491002267306	1.72902	0.489949570559	-0.508159	0.489721081826	-0.156851	0.492817741401
-1.23911265359	-1.90248	0.51664	0.497841351288	-0.339701	0.497259701295	0.889793	0.496684461349	1.10714	0.500267970121
-1.22660265359	-1.91499	0.370085	0.504521967919	-0.565169	0.504391848935	1.32165	0.503494662801	-1.1995	0.507581987018
-1.21408265359	-1.92751	0.719716	0.511037327667	3.10088	0.511332108557	-1.14659	0.510143022078	2.42047	0.514745462267
-1.20156265359	-1.94003	0.362373	0.517380762867	-1.68022	0.518067012496	1.88145	0.516620868501	1.12452	0.521743705497
-1.18905265359	-1.95254	0.517865	0.523545734786	1.14948	0.524583646206	0.360832	0.522919560596	-5.56032	0.528561795573
-1.17653265359	-1.96506	0.709685	0.529525840452	1.41541	0.530869758044	-0.694126	0.529030524626	13.1817	0.535184719824
-1.16401265359	-1.97758	0.2623	0.535314819255	-0.919882	0.536913861213	2.59795	0.53494529539	-17.0466	0.541597520526
-1.15150265359	-1.99009	0.793503	0.540906559328	1.82039	0.542705326237	-1.47302	0.540655558721	18.9855	0.547785446265
-1.13898265359	-2.00261	0.399658	0.546295103687	-0.344328	0.548234462496	1.89341	0.546153195066	-13.1362	0.553734105651
-1.12646265359	-2.01513	0.541217	0.551474656135	0.676844	0.553492587519	0.239137	0.551430323487	5.8527	0.559429620755
-1.11395265359	-2.02764	0.733232	0.556439586933	1.17907	0.55847208293	-0.348196	0.556479345381	3.90129	0.564858777565
-1.10143265359	-2.04016	0.232946	0.56118443822	-1.36459	0.563166436158	2.7041	0.561292987194	-10.1733	0.570009170782
-1.08892265359	-2.05267	1.00481	0.565703929181	3.8335	0.567570267262	-2.66669	0.565864341397	16.854	0.57486934028
-1.07640265359	-2.06519	0.0864741	0.569992960962	-2.89413	0.57167934046	4.30711	0.570186905007	-20.0853	0.57942889668
-1.06388265359	-2.07771	1.04312	0.574046621311	3.61705	0.575490560198	-3.12128	0.574254614946	25.2947	0.583678633618
-1.05137265359	-2.09022	0.167373	0.57786018895	-1.33991	0.579001951856	3.93322	0.57806187956	-27.5366	0.587610624478
-1.03885265359	-2.10274	0.928634	0.581429137662	1.74521	0.582212627436	-2.31294	0.581603605692	30.4674	0.591218301608
-1.02633265359	-2.11526	0.274183	0.584749140082	-0.70076	0.585122736824	3.22654	0.584875220752	-27.2412	0.594496516307
-1.01382265359	-2.12777	0.86878	0.587816071192	2.18402	0.587733405449	-1.80452	0.587872689295	22.8712	0.597441578198
-1.00130265359	-2.14029	0.345982	0.590626011505	-1.17698	0.590046659392	2.71341	0.590592523719	-15.0012	0.600051272946
-0.98879265359	-2.1528	0.785748	0.593175249929	2.17523	0.592065339178	-1.07051	0.593031788794	10.1346	0.602324857658
-0.97627265359	-2.16532	0.481246	0.595460286309	-0.127257	0.593793003713	1.3022	0.595188099822	-3.16086	0.604263033694
-0.96375265359	-2.17784	0.631698	0.597477833637	0.399792	0.595233825908	0.923599	0.597059614354	-1.02613	0.60586789702
-0.95124265359	-2.19035	0.629847	0.599224819927	1.04897	0.596392481754	-0.558868	0.598645017501	6.3084	0.607142866675
-0.93872265359	-2.20287	0.515218	0.600698389749	-1.10994	0.597274034626	2.54178	0.599943500998	-6.76068	0.608092592265
-0.92620265359	-2.21539	0.708808	0.601895905421	3.58607	0.597883816725	-1.59272	0.600954736288	6.88416	0.608722841887
-0.91369265359	-2.2279	0.522265	0.602814947865	-1.17289	0.598227309568	1.91449	0.601678842014	-3.04378	0.609040372166
-0.90117265359	-2.24042	0.637632	0.603453317117	0.608393	0.598310025465	0.602148	0.602116346425	1.2379	0.609052782518
-0.88866265359	-2.25293	0.612758	0.603809032506	1.21621	0.598137391883	-0.242266	0.60226814529	2.33053	0.608768356028
-0.87614265359	-2.26545	0.567393	0.603880332497	-0.648716	0.597714640533	1.79159	0.602135456006	-1.64823	0.608195889606
-0.86362265359	-2.27797	0.630059	0.603665674222	1.76653	0.59704670295	-0.364273	0.601719768694	0.739309	0.60734451636
-0.85111265359	-2.29048	0.620881	0.603163732695	0.773517	0.5961381142	0.721296	0.601022795109	4.09849	0.606223523245
-0.83859265359	-2.303	0.553124	0.60237339972	-0.370229	0.594992926204	0.946031	0.600046416272	-4.74124	0.604842167226
-0.82607265359	-2.31552	0.636374	0.60129378253	0.379269	0.593614632027	0.895547	0.59879262975	4.1752	0.60320949323
-0.81356265359	-2.32803	0.601149	0.599924202146	2.24908	0.592006102255	-0.485788	0.597263497542	0.247193	0.601334157186
-0.80104265359	-2.34055	0.580651	0.598264191487	-0.470296	0.590169534418	1.23762	0.595461095532	-0.569144	0.599224257388
-0.78852265359	-2.35307	0.605381	0.596313493254	-0.500252	0.588106416165	1.35179	0.593387465441	1.45078	0.596887177311
-0.77601265359	-2.36558	0.588511	0.594072057595	2.86557	0.585817502685	-0.876612	0.591044570183	-0.476485	0.594329442827
-0.76349265359	-2.3781	0.6147	0.59154003959	-0.322355	0.583302808644	1.31736	0.588434253492	3.43709	0.591556596549
-0.75098265359	-2.39061	0.553844	0.588717796562	-0.284323	0.580561614644	0.905881	0.585558204581	-3.32772	0.588573091738
-0.73846265359	-2.40313	0.597029	0.585605885252	1.27786	0.577592487987	0.293549	0.582417928555	2.75717	0.585382207869
-0.72594265359	-2.41565	0.606295	0.582205058865	1.16576	0.574393317323	0.0929091	0.579014723163	1.6173	0.581985989599
-0.71343265359	-2.42816	0.55797	0.578516264029	-0.360705	0.570961360482	1.34572	0.575349662372	-2.02692	0.578385210444
-0.70091265359	-2.44068	0.552529	0.574540637671	0.665496	0.567293304656	0.279208	0.571423587134	1.86749	0.574579362036
-0.68839265359	-2.4532	0.624704	0.570279503844	1.29063	0.563385337833	0.236247	0.567237103573	2.06136	0.570566669389
-0.67588265359	-2.46571	0.505847	0.565734370527	-0.801935	0.559233230275	1.37942	0.562790588681	-3.24269	0.566344132094
-0.66336265359	-2.47823	0.613568	0.560906926406	2.16371	0.554832424639	-0.572674	0.558084203469	5.19782	0.561907590909
-0.65085265359	-2.49074	0.540145	0.555799037667	-0.390709	0.550178133225	1.29654	0.553117913388	-2.65773	0.557251818743
-0.63833265359	-2.50326	0.494483	0.550412744815	0.180988	0.545265440755	0.882672	0.547891515685	-0.129584	0.55237063454
-0.62581265359	-2.51578	0.658255	0.54475025952	1.91421	0.540089410969	-0.710058	0.542404673216	6.1534	0.547257038173
-0.61330265359	-2.52829	0.402762	0.538813961532	-1.37477	0.534645195329	2.29342	0.536656954133	-9.36533	0.541903364028
-0.60078265359	-2.54081	0.672618	0.532606395643	2.46442	0.52892814205	-1.51244	0.530647876711	14.1397	0.536301450606
-0.58826265359	-2.55333	0.411019	0.526130268724	-0.558916	0.522933903741	2.48396	0.524376958513	-15.5254	0.530442823142
-0.57575265359	-2.56584	0.595079	0.519388446843	0.985839	0.516658541927	-1.13785	0.517843768969	16.274	0.524318885989
-0.56323265359	-2.57836	0.452147	0.512383952457	-0.35673	0.510098626826	2.06363	0.511047984377	-12.8166	0.517921121298
-0.55071265359	-2.59088	0.555359	0.505119961689	1.94097	0.503251330811	-0.922201	0.503989444299	11.3702	0.51124129038
-0.53820265359	-2.60339	0.462631	0.497599801687	-0.980853	0.496114514137	1.7075	0.496668208257	-8.96294	0.50427163407
-0.52568265359	-2.61591	0.521396	0.489826948055	1.66945	0.488686801603	-0.685284	0.48908461164	10.0786	0.497005068395
-0.51317265359	-2.62842	0.450827	0.481805022372	-0.320398	0.480967649014	1.63233	0.481239319728	-10.7493	0.48943537191
-0.50065265359	-2.64094	0.520123	0.473537789761	0.993715	0.472957398453	-0.778417	0.473133378768	14.4278	0.481557361183
-0.48813265359	-2.65346	0.378078	0.465029156532	-0.290844	0.464657321554	2.0413	0.464768263074	-16.3823	0.47336705114
-0.47562265359	-2.66597	0.590787	0.456283167866	1.38954	0.456069650184	-1.62519	0.456145917211	19.0131	0.464861797177
-0.46310265359	-2.67849	0.251158	0.447304005541	-1.06382	0.447197594115	3.17061	0.447268792381	-18.2292	0.456040416336
-0.45058265359	-2.69101	0.688335	0.438095985689	2.80124	0.438045345485	-2.67338	0.438139876249	17.9886	0.446903285146
-0.43807265359	-2.70352	0.164784	0.428663556564	-2.06251	0.428618070056	3.47376	0.428762715565	-14.0292	0.437452412178
-0.42555265359	-2.71604	0.64823	0.419011296316	2.44621	0.41892188547	-1.82347	0.419141431048	10.5136	0.42769148383
-0.41304265359	-2.72855	0.261877	0.40914391075	-0.282506	0.408963826911	1.26878	0.409280724181	-4.56229	0.417625882305
-0.40052265359	-2.74107	0.448509	0.399066231072	-0.153201	0.398751800762	0.799474	0.399185875668	0.414304	0.407262675283
-0.38800265359	-2.75359	0.419147	0.388783211591	1.37738	0.388294527029	-0.759662	0.388862735499	3.5269	0.396610577309
-0.37549265359	-2.7661	0.314478	0.378299927373	-0.365571	0.37760147147	1.50638	0.378317704697	-3.0932	0.385679883409
-0.36297265359	-2.77862	0.413197	0.367621571844	0.588839	0.366682768504	-0.0774702	0.367557709017	1.63841	0.374482376006
-0.35045265359	-2.79114	0.355794	0.356753454317	0.522742	0.355549136121	0.0397685	0.356590164956	2.02446	0.363031206666
-0.33794265359	-2.80365	0.311932	0.345700997441	-0.0442064	0.344211784118	0.929179	0.345422938665	-2.7615	0.351340754704
-0.32542265359	-2.81617	0.36125	0.334469734562	0.438594	0.332682317062	0.0828435	0.334064298412	2.38054	0.339426465091
-0.31290265359	-2.82869	0.333721	0.32306530699	0.592351	0.320972633472	0.128734	0.322522861414	0.649859	0.327304668532
-0.30039265359	-2.8412	0.264959	0.311493461166	-0.0548992	0.309094822735	0.466719	0.310807535962	-1.85092	0.314992386868
-0.28787265359	-2.85372	0.361399	0.29976004572	0.464514	0.297061061304	0.633085	0.298927459838	3.24393	0.302507127307
-0.27536265359	-2.86623	0.222758	0.287871008417	0.101942	0.284883509719	-0.398271	0.286891936116	-3.04714	0.289866669146
-0.26284265359	-2.87875	0.352027	0.275832393003	0.789229	0.272574211967	0.87777	0.274710367476	4.07507	0.277088846831
-0.25032265359	-2.89127	0.171978	0.263650335922	-0.491332	0.260144998646	-0.19844	0.262392190205	-3.87159	0.264191333283
-0.23781265359	-2.90378	0.34561	0.251331062935	0.996774	0.247607395333	0.813196	0.249946809067	4.28767	0.251191427394
-0.22529265359	-2.9163	0.156561	0.238880885617	-0.340479	0.234972537468	-0.404835	0.237383534193	-3.36973	0.238105849571
-0.21277265359	-2.92882	0.296188	0.226306197754	0.620101	0.222251092958	0.675784	0.224711521135	3.3554	0.224950549026
-0.20026265359	-2.94133	0.159106	0.213613471629	0.0436761	0.209453193561	-0.0256539	0.211939715149	-2.30806	0.211740526344
-0.18774265359	-2.95385	0.233218	0.200809254208	0.0415808	0.196588376013	0.332882	0.199076800695	2.02932	0.198489674535
-0.17523265359	-2.96636	0.170452	0.18790016323	0.614443	0.183665533664	0.203563	0.186131157061	-1.1363	0.185210641494
-0.16271265359	-2.97888	0.18434	0.174892883209	-0.435705	0.170692879251	0.0608351	0.173110820887	1.17205	0.171914716348
-0.15019265359	-2.9914	0.162675	0.161794161342	0.892866	0.15767791927	0.207779	0.16002345623	-0.540408	0.158611741781
-0.13768265359	-3.00391	0.143947	0.148610803351	-0.705809	0.144627440202	0.129353	0.146876332699	0.632928	0.145310053894
-0.12516265359	-3.01643	0.144703	0.135349669237	1.03078	0.131547506723	0.164483	0.133676311986	-0.151794	0.132016450708
-0.11264265359	-3.02895	0.105855	0.122017668984	-0.774636	0.118443471786	0.107791	0.12042984301	0.230064	0.118736189825
-0.10013265359	-3.04146	0.122806	0.108621758186	1.05511	0.105319998338	0.126013	0.107142965693	0.0746947	0.105473015278
-0.0876126535898	-3.05398	0.0810735	0.0951689336337	-0.852989	0.0921810922384	0.0828706	0.0938213232277	0.0961017	0.092229213008
-0.0751026535898	-3.06649	0.0942056	0.0816662288496	0.970292	0.0790301457788	0.0918915	0.0804701825469	0.0998141	0.0790056939094
-0.0625826535898	-3.07901	0.0585671	0.0681207095785	-0.731159	0.065869991064	0.0577337	0.0670944625319	0.0528149	0.0658021028524
-0.0500626535898	-3.09153	0.0632287	0.0545394692472	0.714325	0.0527029623533	0.0590931	0.0536987693565	0.0721072	0.0526169516085
-0.0375526535898	-3.10404	0.0352407	0.0409296243924	-0.47025	0.039530966342	0.0325637	0.0402874382245	0.0293281	0.0394477731641
-0.0250326535898	-3.11656	0.0316272	0.0272983100641	0.368426	0.0263555592425	0.0277858	0.0268645806337	0.0365164	0.0262912945004
-0.0125126535898	-3.12908	0.0117459	0.013652675211	-0.158899	0.0131780294269	0.00997082	0.0134341361963	0.00956638	0.0131436245784
2.65358979235e-06	3.14159	2.15637e-07	1.21949317491e-07	2.36968e-06	5.15686790652e-07	7.50847e-08	7.20450163624e-08	6.56153e-07	-4.53978266174e-07
0.0125126535898	3.12908	0.0117462	0.0136529185689	-0.158903	0.0131790598852	0.00997095	0.0134342799327	0.00956562	0.0131427375717
0.0250326535898	3.11656	0.0316276	0.0272985518122	0.368431	0.0263565869681	0.027786	0.0268647233138	0.0365177	0.026290469693
0.0375526535898	3.10404	0.0352409	0.040929863499	-0.470254	0.0395319895562	0.0325638	0.0402875791593	0.0293273	0.0394470498685
0.0500626535898	3.09153	0.0632292	0.0545397047421	0.71433	0.0527039793409	0.0590932	0.0536989078796	0.0721085	0.0526163659575
0.0625826535898	3.07901	0.0585674	0.0681209405749	-0.731163	0.0658710001977	0.0577338	0.0670945980079	0.0528142	0.0658016866275
0.0751026535898	3.06649	0.0942061	0.0816664545657	0.970297	0.0790311455407	0.0918917	0.0804703143799	0.0998155	0.0790054734676
0.0876126535898	3.05398	0.0810738	0.0951691534104	-0.852993	0.0921820812404	0.0828707	0.0938214508682	0.096101	0.0922292083303
0.10013265359	3.04146	0.122806	0.108621971502	1.05512	0.10532097534	0.126013	0.107143088645	0.074696	0.105473239163
0.11264265359	3.02895	0.105855	0.122017875471	-0.774639	0.118444435708	0.107791	0.120429960837	0.230064	0.118736647244
0.12516265359	3.01643	0.144703	0.135349868686	1.03079	0.131548456661	0.164484	0.133676424315	-0.151793	0.13201713834
0.13768265359	3.00391	0.143947	0.148610995716	-0.705812	0.144628375432	0.129353	0.146876439226	0.632928	0.145310959852
0.15019265359	2.9914	0.162675	0.161794346747	0.892869	0.157678839257	0.207779	0.160023556723	-0.540408	0.158612845533
0.16271265359	2.97888	0.18434	0.174893061942	-0.435707	0.170693783648	0.0608351	0.173110915185	1.17205	0.171915988841
0.17523265359	2.96636	0.170453	0.18790033574	0.614444	0.183666422309	0.203563	0.186131245081	-1.1363	0.18521204548
0.18774265359	2.95385	0.233218	0.20080942109	0.0415803	0.196589248927	0.332882	0.199076882424	2.02932	0.198491165091
0.20026265359	2.94133	0.159106	0.213613633617	0.0436763	0.209454050935	-0.0256539	0.211939790649	-2.30806	0.211742051578
0.21277265359	2.92882	0.296188	0.226306355702	0.620102	0.222251935142	0.675784	0.224711590536	3.3554	0.22495205096
0.22529265359	2.9163	0.156561	0.238881040479	-0.340479	0.234973364956	-0.404835	0.237383597692	-3.36973	0.238107265174
0.23781265359	2.90378	0.34561	0.251331215745	0.996775	0.247608208743	0.813196	0.249946866925	4.28767	0.25119268976
0.25032265359	2.89127	0.171978	0.263650487771	-0.491333	0.260145798703	-0.19844	0.262392242739	-3.8716	0.264192372914
0.26284265359	2.87875	0.352027	0.275832545011	0.78923	0.272574999477	0.87777	0.274710415053	4.07507	0.277089593015
0.27536265359	2.86623	0.222758	0.287871161711	0.101942	0.284884285546	-0.398271	0.286891979148	-3.04714	0.289867051388
0.28787265359	2.85372	0.361399	0.299760201402	0.464514	0.297061826346	0.633085	0.298927498773	3.24394	0.302507076794
0.30039265359	2.8412	0.264959	0.311493620293	-0.0548996	0.309095577897	0.466719	0.310807571278	-1.85092	0.314991837934
0.31290265359	2.82869	0.333721	0.323065470543	0.592352	0.32097337964	0.128734	0.322522893611	0.649861	0.327303560095
0.32542265359	2.81617	0.361251	0.334469903424	0.438595	0.332683055076	0.0828435	0.334064328003	2.38054	0.339424742028
0.33794265359	2.80365	0.311932	0.345701172375	-0.0442067	0.34421251475	0.929179	0.345422966167	-2.7615	0.351338369139
0.35045265359	2.79114	0.355794	0.356753635944	0.522743	0.355549860049	0.0397685	0.356590190883	2.02446	0.363028119143
0.36297265359	2.77862	0.413198	0.367621760627	0.58884	0.366683486292	-0.0774701	0.367557733873	1.63841	0.374478556517
0.37549265359	2.7661	0.314478	0.378300123602	-0.365571	0.377602183547	1.50638	0.378317728967	-3.09321	0.385675312268
0.38800265359	2.75359	0.419147	0.388783415372	1.37739	0.38829523367	-0.759662	0.388862759641	3.5269	0.396605245832
0.40052265359	2.74107	0.448509	0.39906644232	-0.153202	0.398752502077	0.799475	0.399185900111	0.414303	0.407256586279
0.41304265359	2.72855	0.261877	0.409144129186	-0.282506	0.408964522832	1.26878	0.409280749313	-4.56229	0.417619050349
0.42555265359	2.71604	0.648231	0.419011521466	2.44621	0.418922575743	-1.82347	0.419141457217	10.5136	0.427683935324
0.43807265359	2.70352	0.164784	0.428663787768	-2.06251	0.428618754237	3.47376	0.428762743071	-14.0292	0.437444185186
0.45058265359	2.69101	0.688336	0.438096222104	2.80124	0.438046022937	-2.67338	0.438139905342	17.9886	0.44689442901
0.46310265359	2.67849	0.251158	0.447304246156	-1.06382	0.447198264011	3.17061	0.447268823258	-18.2293	0.456030991074
0.47562265359	2.66597	0.590788	0.45628341152	1.38954	0.456070311515	-1.62519	0.456145950016	19.0131	0.464851872675
0.48813265359	2.65346	0.378078	0.465029401929	-0.290845	0.464657973136	2.0413	0.464768297896	-16.3823	0.473356706154
0.50065265359	2.64094	0.520123	0.473538035494	0.993716	0.472958038942	-0.778417	0.473133415643	14.4278	0.48154668216
0.51317265359	2.62842	0.450827	0.481805266947	-0.320398	0.480968276919	1.63233	0.481239358639	-10.7493	0.489424451657
0.52568265359	2.61591	0.521397	0.489827189919	1.66945	0.488687415306	-0.685284	0.489084652519	10.0786	0.496994004621
0.53820265359	2.60339	0.462631	0.49760003925	-0.980853	0.496115111914	1.7075	0.496668250991	-8.96295	0.504260527815
0.55071265359	2.59088	0.555359	0.50512019336	1.94098	0.503251910854	-0.922201	0.503989488731	11.3702	0.511230244382
0.56323265359	2.57836	0.452147	0.512384176666	-0.35673	0.510099187266	2.06363	0.511048030311	-12.8166	0.517910238302
0.57575265359	2.56584	0.595079	0.519388662072	0.985839	0.516659080866	-1.13785	0.517843816177	16.274	0.524308267051
0.58826265359	2.55333	0.411019	0.526130473534	-0.558916	0.52293441927	2.48396	0.524377006737	-15.5255	0.530432565951
0.60078265359	2.54081	0.672618	0.5326065887	2.46442	0.528928632283	-1.51244	0.530647925672	14.1397	0.536291647855
0.61330265359	2.52829	0.402762	0.53881414163	-1.37477	0.534645658426	2.29342	0.536657003538	-9.36533	0.541894101866
0.62581265359	2.51578	0.658255	0.544750425601	1.91421	0.540089845163	-0.710059	0.542404722761	6.1534	0.547248394766
0.63833265359	2.50326	0.494483	0.550412895989	0.180988	0.545265844378	0.882673	0.547891565062	-0.129584	0.552362678774
0.65085265359	2.49074	0.540145	0.555799173227	-0.39071	0.550178504733	1.29654	0.553117962294	-2.65773	0.557244609087
0.66336265359	2.47823	0.613568	0.560907045835	2.16371	0.554832762631	-0.572674	0.558084251609	5.19782	0.561901174458
0.67588265359	2.46571	0.505847	0.565734473511	-0.801936	0.559233533517	1.37942	0.562790635775	-3.24269	0.566338543822
0.68839265359	2.4532	0.624705	0.570279590271	1.29063	0.563385605272	0.236247	0.567237149361	2.06136	0.570561931612
0.70091265359	2.44068	0.552529	0.574540707632	0.665496	0.567293535438	0.279208	0.571423631379	1.86749	0.574575484104
0.71343265359	2.42816	0.55797	0.578516317813	-0.360705	0.570961553964	1.34572	0.575349704869	-2.02692	0.578382188666
0.72594265359	2.41565	0.606295	0.582205096948	1.16576	0.57439347308	0.0929091	0.579014763737	1.6173	0.581983807405
0.73846265359	2.40313	0.597029	0.585605908285	1.27786	0.57759260582	0.293549	0.582417967066	2.75717	0.585380836196
0.75098265359	2.39061	0.553844	0.588717805357	-0.284323	0.580561694582	0.905882	0.585558240925	-3.32773	0.588572489648
0.76349265359	2.3781	0.6147	0.591540035098	-0.322355	0.583302850946	1.31736	0.588434287606	3.43709	0.591556712056
0.77601265359	2.36558	0.588511	0.594072040884	2.86557	0.585817507833	-0.876612	0.591044602042	-0.476485	0.594330213924
0.78852265359	2.35307	0.605381	0.596313465486	-0.500252	0.588106384862	1.35179	0.593387495055	1.45078	0.596888533171
0.80104265359	2.34055	0.580651	0.598264153889	-0.470296	0.590169467578	1.23762	0.595461122952	-0.569144	0.599226119725
0.81356265359	2.32803	0.601149	0.599924155984	2.24908	0.592006000988	-0.485788	0.597263522852	0.247193	0.601336441744
0.82607265359	2.31552	0.636374	0.60129372908	0.379269	0.59361449763	0.895547	0.598792653069	4.1752	0.603212111376
0.83859265359	2.303	0.553124	0.60237334024	-0.370229	0.594992760145	0.946031	0.600046437747	-4.74124	0.604845027614
0.85111265359	2.29048	0.620881	0.603163668397	0.773517	0.596137918096	0.721296	0.601022814914	4.0985	0.606226533523
0.86362265359	2.27797	0.630059	0.603665606245	1.76653	0.597046478554	-0.364273	0.601719787025	0.739309	0.607347584888
0.87614265359	2.26545	0.567393	0.603880261881	-0.648716	0.597714389709	1.79159	0.602135473078	-1.64823	0.608198927149
0.88866265359	2.25293	0.612758	0.603808960171	1.21621	0.598137116589	-0.242266	0.602268161331	2.33053	0.608771277402
0.90117265359	2.24042	0.637632	0.603453243841	0.608393	0.598309727731	0.602148	0.60211636167	1.2379	0.609055508149
0.91369265359	2.2279	0.522265	0.602814874265	-1.17289	0.598226991474	1.91449	0.601678856702	-3.04378	0.609042829534
0.92620265359	2.21539	0.708808	0.601895831942	3.58607	0.597883480381	-1.59272	0.600954750658	6.88416	0.608724966841
0.93872265359	2.20287	0.515218	0.600698316654	-1.10994	0.597273682153	2.54178	0.599943515283	-6.76068	0.608094330167
0.95124265359	2.19035	0.629847	0.59922474729	1.04897	0.596392115262	-0.558868	0.598645031922	6.3084	0.607144173367
0.96375265359	2.17784	0.631698	0.597477761339	0.399792	0.595233447482	0.923599	0.59705962912	-1.02613	0.605868739594
0.97627265359	2.16532	0.481246	0.595460214042	-0.127257	0.593792615393	1.3022	0.595188115123	-3.16086	0.604263391041
0.98879265359	2.1528	0.785748	0.593175177203	2.17523	0.592064942945	-1.07051	0.593031804799	10.1346	0.602324720806
1.00130265359	2.14029	0.345982	0.590625937656	-1.17698	0.590046257154	2.71341	0.590592540574	-15.0012	0.600050645161
1.01382265359	2.12777	0.868779	0.587815995398	2.18402	0.587732999031	-1.80452	0.587872707119	22.8712	0.597440474864
1.02633265359	2.11526	0.274183	0.584749061379	-0.70076	0.585122327956	3.22654	0.584875239639	-27.2412	0.594494964581
1.03885265359	2.10274	0.928633	0.581429054964	1.74521	0.582212217746	-2.31294	0.581603625707	30.4674	0.591216339855
1.05137265359	2.09022	0.167373	0.577860101076	-1.33991	0.579001542864	3.93322	0.57806190074	-27.5366	0.587608301506
1.06388265359	2.07771	1.04312	0.574046527005	3.61705	0.575490153312	-3.12128	0.574254637303	25.2947	0.583676007719
1.07640265359	2.06519	0.0864741	0.569992858925	-2.89413	0.571678936973	4.30711	0.570186928524	-20.0853	0.579426034502
1.08892265359	2.05267	1.00481	0.565703818098	3.83349	0.56756986835	-2.66669	0.565864366034	16.854	0.574866315551
1.10143265359	2.04016	0.232946	0.56118431679	-1.36459	0.563166042882	2.7041	0.561293012892	-10.1733	0.570006062904
1.11395265359	2.02764	0.733232	0.556439453897	1.17907	0.558471696239	-0.348196	0.556479372061	3.90129	0.564855670116
1.12646265359	2.01513	0.541217	0.551474510305	0.676843	0.553492208248	0.239137	0.551430351054	5.8527	0.559426599917
1.13898265359	2.00261	0.399658	0.546294943974	-0.344328	0.548234091374	1.89341	0.546153223414	-13.1362	0.553731258598
1.15150265359	1.99009	0.793503	0.540906384768	1.82039	0.54270496389	-1.47302	0.540655587737	18.9855	0.547782859539
1.16401265359	1.97758	0.262299	0.535314629031	-0.919881	0.536913508169	2.59795	0.534945324956	-17.0466	0.541595278432
1.17653265359	1.96506	0.709685	0.529525633918	1.41541	0.53086941474	-0.694126	0.529030554627	13.1817	0.535182902873
1.18905265359	1.95254	0.517864	0.523545511483	1.14948	0.524583312989	0.360832	0.522919590921	-5.56032	0.528560478997
1.20156265359	1.94003	0.362373	0.517380522537	-1.68022	0.518066689634	1.88145	0.516620899049	1.12452	0.521742957871
1.21408265359	1.92751	0.719716	0.511037070264	3.10088	0.511331796239	-1.14659	0.51014305276	2.42047	0.514745344254
1.22660265359	1.91499	0.370085	0.504521693616	-0.565169	0.504391547278	1.32165	0.503494693544	-1.1995	0.50758255026
1.23911265359	1.90248	0.51664	0.497841060479	-0.339701	0.497259410349	0.889794	0.4966844921	1.10714	0.500269256299
1.25163265359	1.88996	0.51274	0.491001960604	1.72902	0.489949290308	-0.508159	0.489721112555	-0.156851	0.492819781477
1.26414265359	1.87745	0.526564	0.484011298321	0.490104	0.48247540914	1.13803	0.482613179861	2.68597	0.485247965405
1.27666265359	1.86493	0.360126	0.476876085018	-0.709215	0.474852183473	0.406075	0.475369250708	-3.63291	0.477567063126
1.28918265359	1.85241	0.5707	0.469603431399	1.37018	0.46709410167	0.483425	0.467997788198	5.63955	0.469789654559
1.30169265359	1.8399	0.435833	0.462200539508	0.627962	0.459215602379	0.108295	0.460507140465	-5.1123	0.461927569573
1.31421265359	1.82738	0.456958	0.454674694528	0.0859747	0.451230956454	0.824061	0.452905523305	7.11624	0.453991829477
1.32673265359	1.81486	0.404598	0.447033256353	0.120147	0.443154154009	0.391705	0.44520100682	-8.74524	0.445992605392
1.33924265359	1.80235	0.501032	0.439283650923	0.83131	0.434998798331	0.481772	0.437401505992	12.8714	0.437939193638
1.35176265359	1.78983	0.381773	0.431433361346	0.439112	0.426778008186	0.103784	0.429514775016	-15.109	0.429840007951
1.36427265359	1.77732	0.491062	0.423489918786	0.618695	0.418504329928	0.745834	0.421548405161	18.8369	0.421702588047
1.37679265359	1.7648	0.325126	0.415460893137	-0.156356	0.41018966064	0.296838	0.413509825864	-20.5494	0.41353362373
1.38931265359	1.75228	0.471032	0.407353883482	0.611027	0.401845183288	0.464333	0.405406308697	23.4248	0.405338993506
1.40182265359	1.73977	0.365695	0.399176508346	0.393778	0.393481314712	0.491692	0.397244973812	-24.0596	0.39712381639
1.41434265359	1.72725	0.416983	0.390936395759	0.53399	0.38510766699	0.082126	0.389032798438	25.5091	0.388892515407
1.42686265359	1.71473	0.370581	0.382641173125	0.398124	0.376733022504	0.614782	0.380776626961	-24.4963	0.380648891089
1.43937265359	1.70222	0.384532	0.374298456935	0.38804	0.368365322781	0.263323	0.372483182124	24.3543	0.372396203146
1.45189265359	1.6897	0.355336	0.365915842321	0.243459	0.360011670931	0.442239	0.364159076877	-22.3136	0.364137258381
1.46441265359	1.67718	0.352136	0.357500892481	0.218241	0.351678347291	0.340208	0.355810826401	21.6057	0.355874502841
1.47692265359	1.66467	0.354564	0.349061127992	0.371281	0.343370837627	0.367489	0.347444859875	-19.637	0.347610116219
1.48944265359	1.65215	0.337086	0.340604016048	0.339252	0.33509387305	0.336811	0.339067531557	19.1141	0.339346106468
1.50195265359	1.63964	0.335754	0.332136959625	0.359856	0.326851480602	0.331545	0.330685130791	-17.1708	0.331084402729
1.51447265359	1.62712	0.32301	0.323667286634	0.340868	0.318647043289	0.316865	0.322303890611	16.4838	0.322826944679
1.52699265359	1.6146	0.316568	0.315202239069	0.331034	0.310483368196	0.307893	0.31392999465	-14.3971	0.31457576661
1.53950265359	1.60209	0.30678	0.306748962196	0.316746	0.302362761181	0.298719	0.305569582099	13.4894	0.306333074637
1.55202265359	1.58957	0.298714	0.298314493815	0.305516	0.294287106569	0.292028	0.297228750567	-11.2731	0.298101315667
1.56454265359	1.57705	0.289974	0.289905753631	0.295043	0.286257950191	0.286545	0.288913556688	10.196	0.289883236927
1.57705265359	1.56454	0.281577	0.281529532777	0.286846	0.27827658407	0.279058	0.280630014446	-7.92046	0.281681935092
1.58957265359	1.55202	0.273354	0.273192483518	0.280689	0.270344131097	0.269381	0.272384091195	6.75793	0.273500894283
1.60208265359	1.53951	0.264723	0.264901109186	0.275382	0.262461628012	0.260319	0.264181701453	-4.5072	0.265344012429
1.61460265359	1.52699	0.257326	0.256661754383	0.272291	0.25463010512	0.252506	0.256028698557	3.34333	0.257215615763
1.62712265359	1.51447	0.24764	0.248480595483	0.265819	0.246850661235	0.244973	0.247930864371	-1.19157	0.249120461446
1.63963265359	1.50196	0.242623	0.240363631479	0.264275	0.239124532462	0.240591	0.239893897231	0.0882025	0.241063728528
1.65215265359	1.48944	0.229604	0.232316675221	0.232948	0.231453153596	0.231904	0.231923398387	1.91981	0.233050997734
1.66467265359	1.47692	0.229087	0.224345345056	0.231773	0.223838211049	0.235454	0.224024857211	-2.94284	0.225088220714
1.67718265359	1.46441	0.212134	0.216455056938	0.102366	0.21628168642	0.210434	0.216203635481	4.81037	0.217181679629
1.68970265359	1.45189	0.203493	0.208651017009	0.11424	0.208785890025	0.247107	0.208464951057	-5.75574	0.209337938083
1.70221265359	1.43938	0.206512	0.200938214708	0.208169	0.201353483886	0.14485	0.200813861276	7.35741	0.201563784581
1.71473265359	1.42686	0.187296	0.193321416421	0.221128	0.193987493938	0.303827	0.193255246388	-7.90847	0.193866169791
1.72725265359	1.41434	0.197921	0.185805159696	0.299745	0.186691311378	0.0339692	0.185793793377	8.90784	0.186252138973
1.73976265359	1.40183	0.163455	0.178393748065	0.207668	0.179468683344	0.248593	0.178433980441	-8.75959	0.178728761027
1.75228265359	1.38931	0.202738	0.171091246463	0.242061	0.172323693286	0.174733	0.171180062455	8.93581	0.171303055594
1.76480265359	1.37679	0.115466	0.163901477295	-0.146566	0.165260731612	0.128467	0.164036057653	-8.09814	0.163981919684
1.77731265359	1.36428	0.192386	0.156828017133	0.228277	0.158284457376	0.266108	0.157005735765	7.63149	0.156772055255
1.78983265359	1.35176	0.124864	0.149874194074	0.224153	0.151399751916	0.0264349	0.150092607812	-6.30832	0.149679899113
1.80235265359	1.33924	0.179565	0.143043085763	0.339269	0.144611665551	0.187528	0.143299917705	5.41035	0.142711556429
1.81486265359	1.32673	0.107494	0.136337518077	-0.0439762	0.137925358509	0.106644	0.136630635766	-3.87173	0.135872739049
1.82738265359	1.31421	0.129761	0.129760064485	-0.0628295	0.1313460374	0.230203	0.130087454241	3.11377	0.129168709668
1.83989265359	1.3017	0.118232	0.123313046068	0.279108	0.124878888609	0.0174798	0.123672784839	-2.29414	0.12260423278
1.85241265359	1.28918	0.164113	0.116998532207	0.437614	0.118529010009	0.153731	0.117388758279	2.20769	0.116183533166
1.86493265359	1.27666	0.0504752	0.110818341931	-0.343186	0.112301342445	0.0740559	0.111237225798	-1.55677	0.109910262524
1.87744265359	1.26415	0.1211	0.104774045902	0.110829	0.106200602379	0.246734	0.105219762532	1.16654	0.103787474655
1.88996265359	1.25163	0.129861	0.0988669690529	0.563884	0.100231217097	-0.112034	0.0993376726475	-0.411871	0.0978176094659
1.90248265359	1.23911	0.0735057	0.093098193835	-0.249861	0.0943972637554	0.213023	0.0935919960659	0.397639	0.0920024858518
1.91499265359	1.2266	0.0430381	0.087468564084	-0.144684	0.0887024134957	0.172248	0.087983516623	-0.374104	0.0863433033684
1.92751265359	1.21408	0.181364	0.0819786894759	0.745855	0.0831498817125	-0.140205	0.0825127714512	0.665636	0.080840652432
1.94002265359	1.20157	-0.0179031	0.0766289505574	-0.482376	0.077742385428	0.277613	0.0771800613899	-0.192907	0.0754945326346
1.95254265359	1.18905	0.102318	0.0714195043341	0.227835	0.0724821085744	0.0171417	0.0719854622038	-0.517061	0.0703043786202
1.96506265359	1.17653	0.115881	0.0663502903927	0.275762	0.0673706758145	-0.0412172	0.0669288363936	1.77231	0.0652690928465
1.97757265359	1.16402	-0.0420574	0.0614210375395	-0.288139	0.062409135349	0.270138	0.0620098453866	-2.60171	0.0603870844455
1.99009265359	1.1515	0.169184	0.0566312709298	0.371795	0.0575979509765	-0.16567	0.0572279619003	3.10778	0.0556563133146
2.00261265359	1.13898	-0.0325291	0.0519803196683	-0.116351	0.0529370034808	0.215471	0.0525824822908	-2.55022	0.0510743384941
2.01512265359	1.12647	0.0883596	0.0474673248542	0.0598376	0.0484256012324	-0.021389	0.04807253871	1.67631	0.0466383698479
2.02764265359	1.11395	0.0496261	0.0430912480489	0.168364	0.044062499709	0.0106163	0.0436971109222	-0.541262	0.0423453220334
2.04016265359	1.10143	-0.00911674	0.0388508801393	-0.229168	0.0398459294649	0.158144	0.0394550376514	-0.24034	0.0381918697426
2.05267265359	1.08892	0.110707	0.0347448505714	0.383973	0.0357736319175	-0.151715	0.0353450273593	0.883505	0.0341745032147
2.06519265359	1.0764	-0.0592713	0.0307716369289	-0.303799	0.0318429021718	0.259348	0.0313656683831	-1.20141	0.0302895830491
2.07770265359	1.06389	0.116312	0.0269295748262	0.319354	0.0280506379745	-0.179952	0.0275154383874	1.51792	0.0265333934071
2.09022265359	1.05137	-0.0583676	0.0232168680906	-0.205206	0.0243933937823	0.193024	0.0237927131181	-1.62645	0.0229021927528
2.10274265359	1.03885	0.0894388	0.0196315992016	0.205194	0.0208674388424	-0.11841	0.0201957744686	1.68306	0.0193922613708
2.11525265359	1.02634	-0.0374332	0.0161717399579	-0.124308	0.0174688181204	0.126989	0.0167228178995	-1.42856	0.0159999449904
2.12777265359	1.01382	0.0536713	0.01283516234	0.15573	0.0141934148761	-0.0874858	0.013371959272	1.09722	0.0127216939517
2.14029265359	1.0013	-0.0179106	0.00961964953454	-0.108646	0.0110370136742	0.0876718	0.010141241178	-0.698077	0.00955409745937
2.15280465359	0.988788	0.0179678	0.00652290708601	0.0667663	0.0079953626311	-0.0249762	0.00702863886734	0.394415	0.00649391258756
2.16532065359	0.976272	0.00206363	0.00354257414007	-0.0325328	0.0050642337384	0.0136945	0.00403206588153	-0.14699	0.00353808781449
2.17783665359	0.963756	-0.00690608	0.000676234739621	-0.0094257	0.00223948016329	0.0123504	0.00114937951729	-0.0389142	0.00068378098664
2.19035365359	0.951239	0.0145787	-0.00207857086487	0.0566822	-0.000482910488032	-0.0421016	-0.00162161375803	0.158132	-0.0020716282756
2.20286965359	0.938723	-0.0193484	-0.00472433493227	-0.0517262	-0.00310676785567	0.0270803	-0.00428315281422	-0.178287	-0.00473053160796
2.21538565359	0.926207	-3.48233e-05	-0.00726357101738	0.0121292	-0.00563569625085	-0.0215595	-0.00683751617094	0.107671	-0.00729509014281
2.22790265359	0.91369	-0.0133506	-0.00969880287125	-0.0276309	-0.00807303847541	0.0137412	-0.00928701600603	-0.0765904	-0.00976723764149
2.24041865359	0.901174	-0.0157477	-0.0120325535009	-0.0124549	-0.0104218465447	-0.0198363	-0.0116339917637	-0.000506949	-0.0121486881169
2.25293465359	0.888658	-0.00133665	-0.0142673344351	0.0279696	-0.0126848596674	-0.0412686	-0.0138808032835	0.0174074	-0.0144409474731
2.26545165359	0.876141	-0.026409	-0.0164056352442	-0.0399043	-0.0148644896768	0.000470704	-0.016029823392	-0.0489533	-0.016645328632
2.27796765359	0.863625	-0.0194605	-0.0184499133623	-0.0406841	-0.0169628139459	0.00467209	-0.0180834299199	0.0141553	-0.0187629695704
2.29048365359	0.851109	-0.0160541	-0.0204025842622	-0.0094689	-0.0189815756615	-0.0416167	-0.0200439971348	-0.11389	-0.0207948536624
2.30300065359	0.838592	-0.0223583	-0.0222660120306	-0.00716618	-0.0209221911785	-0.018906	-0.0219138866022	0.112488	-0.022741831704
2.31551665359	0.826076	-0.0267389	-0.024042500396	0.0157269	-0.0227857640313	-0.0430706	-0.023695437516	-0.106499	-0.0246046449955
2.32803265359	0.81356	-0.0219426	-0.0257342842553	-0.105352	-0.0245731050469	0.0130052	-0.0253909565652	-0.0381008	-0.0263839488669
2.34054865359	0.801044	-0.0332961	-0.0273435217492	-0.0079644	-0.0262847578877	-0.0293705	-0.0270027074271	0.0152244	-0.0280803360557
2.35306565359	0.788527	-0.0231545	-0.0288722869325	0.0520687	-0.027921029248	-0.0863396	-0.0285329000027	-0.0538297	-0.0296943593815
2.36558165359	0.776011	-0.0312529	-0.0303225630849	-0.129703	-0.0294820228495	0.0339826	-0.0299836795294	0.0200388	-0.0312265532063
2.37809765359	0.763495	-0.0354207	-0.031696236704	-0.0189474	-0.030967676317	-0.0434655	-0.0313571157243	-0.174644	-0.0326774532266
2.39061465359	0.750978	-0.0287445	-0.0329950922217	0.0319354	-0.0323777999764	-0.0623416	-0.0326551921264	0.147747	-0.0340476142007
2.40313065359	0.738462	-0.03593	-0.0342208074799	-0.0702081	-0.0337121165989	-0.0165635	-0.033879795817	-0.115833	-0.035337625288
2.41564665359	0.725946	-0.0383238	-0.0353749499996	-0.08229	-0.0349703011188	-0.00604534	-0.0350327077019	-0.128392	-0.0365481227462
2.42816365359	0.713429	-0.0279418	-0.0364589740711	0.0512423	-0.0361520193785	-0.0987332	-0.0361155935436	0.151856	-0.0376797998055
2.44067965359	0.700913	-0.0450604	-0.0374742186908	-0.0851786	-0.0372569650015	0.0104118	-0.0371299959273	-0.14886	-0.0387334136199
2.45319565359	0.688397	-0.0418508	-0.0384219063633	-0.0714603	-0.0382848935592	-0.0189736	-0.0380773273372	-0.133761	-0.0397097892645
2.46571265359	0.67588	-0.0264196	-0.0393031427826	0.0869503	-0.0392356532841	-0.127469	-0.0389588645085	0.242304	-0.0406098208239
2.47822865359	0.663364	-0.0498175	-0.0401189174014	-0.182824	-0.0401092116781	0.0642741	-0.0397757442049	-0.372209	-0.0414344696841
2.49074465359	0.650848	-0.0403925	-0.0408701048898	0.0309934	-0.0409056774831	-0.0991092	-0.0405289605493	0.161515	-0.0421847602039
2.50326065359	0.638332	-0.0338335	-0.0415574674805	-0.022357	-0.0416253175997	-0.0541712	-0.0412193640137	0.0517239	-0.0428617729992
2.51577765359	0.625815	-0.0611988	-0.042181658189	-0.135388	-0.042268568675	0.0495969	-0.0418476621478	-0.525445	-0.0434666361236
2.52829365359	0.613299	-0.0122765	-0.0427432248924	0.130901	-0.0428360432164	-0.198965	-0.0424144220961	0.80156	-0.0440005144694
2.54080965359	0.600783	-0.0772823	-0.0432426152449	-0.237128	-0.0433285302233	0.13363	-0.0429200749222	-1.19404	-0.0444645977489
2.55332665359	0.588266	-0.00940209	-0.0436801823968	0.0953469	-0.0437469904683	-0.206532	-0.043364921729	1.31572	-0.044860087437
2.56584265359	0.57575	-0.0784235	-0.0440561914852	-0.156542	-0.0440925466875	0.0996143	-0.0437491415291	-1.40265	-0.0451881830739
2.57835865359	0.563234	-0.013525	-0.0443708268501	0.080986	-0.0443664690642	-0.169464	-0.0440728007905	1.12053	-0.0454500683304
2.59087565359	0.550717	-0.0726201	-0.0446241999298	-0.188492	-0.0445701565038	0.0702357	-0.0443358645491	-1.01311	-0.0456468972358
2.60339165359	0.538201	-0.016233	-0.0448163577813	0.101835	-0.0447051142958	-0.149907	-0.0445382089534	0.824873	-0.0457797809573
2.61590765359	0.525685	-0.0754709	-0.0449472921661	-0.166464	-0.0447729288442	0.0454727	-0.0446796350786	-0.944424	-0.0458497754993
2.62842365359	0.513169	-0.00837787	-0.0450169491372	0.0716491	-0.0447752402161	-0.128527	-0.0447598838249	1.02923	-0.0458578706627
2.64094065359	0.500652	-0.0912947	-0.0450252390593	-0.146061	-0.0447137133058	0.0497209	-0.0447786516942	-1.39427	-0.0458049805734
2.65345665359	0.488136	0.0146467	-0.0449720469903	0.083466	-0.0445900084413	-0.161584	-0.0447356072244	1.58401	-0.0456919360453
2.66597265359	0.47562	-0.123831	-0.0448572433469	-0.228682	-0.0444057522718	0.112253	-0.0446304078488	-1.85103	-0.0455194790046
2.67848965359	0.463103	0.0536052	-0.0446806947791	0.219545	-0.04416250976	-0.249299	-0.0444627169405	1.7745	-0.0452882591488
2.69100565359	0.450587	-0.153914	-0.0444422751702	-0.402878	-0.0438617580784	0.195358	-0.0442322208015	-1.74953	-0.0449988329677
2.70352165359	0.438071	0.0594037	-0.0441418766841	0.314478	-0.0435048631527	-0.280922	-0.0439386453566	1.35873	-0.0446516651995
2.71603865359	0.425554	-0.119186	-0.0437794207751	-0.321146	-0.0430930595343	0.129701	-0.0435817723212	-1.01542	-0.0442471327456
2.72855465359	0.413038	-0.0128051	-0.0433548690803	0.04129	-0.0426274341962	-0.118358	-0.0431614546231	0.422289	-0.0437855310123
2.74107065359	0.400522	-0.0267687	-0.0428682341126	0.0827417	-0.0421089147523	-0.0645553	-0.0426776308755	-0.0222008	-0.0432670826022
2.75358765359	0.388005	-0.0876302	-0.0423195896741	-0.259401	-0.0415382624888	0.0378716	-0.0421303387164	-0.369248	-0.0426919482284
2.76610365359	0.375489	0.00298261	-0.0417090809129	0.130034	-0.0409160704796	-0.117607	-0.0415197268544	0.31351	-0.0420602396801
2.77861965359	0.362973	-0.0582745	-0.0410369339477	-0.0831855	-0.0402427669313	-0.0093513	-0.0408460656862	-0.174036	-0.0413720346311
2.79113565359	0.350457	-0.0564687	-0.0403034649889	-0.118941	-0.0395186237761	-0.0246821	-0.04010975638	-0.205984	-0.0406273930449
2.80365265359	0.33794	-0.0109102	-0.0395090888881	0.0765357	-0.0387437704013	-0.0701877	-0.0393113383462	0.270511	-0.0398263749012
2.81616865359	0.325424	-0.0506284	-0.0386543270522	-0.0675461	-0.0379182122773	-0.0241503	-0.0384514950508	-0.244705	-0.0389690589456
2.82868465359	0.312908	-0.0520313	-0.037739814664	-0.133177	-0.037041854126	-0.0303302	-0.0375310581548	-0.0751549	-0.0380555621434
2.84120165359	0.300391	-0.0133211	-0.0367663071565	0.0727951	-0.0361145271557	-0.0366418	-0.0365510099934	0.201608	-0.0370860595071
2.85371765359	0.287875	-0.0490588	-0.0357346858913	-0.0306671	-0.0351360197889	-0.0682849	-0.0355124844389	-0.376626	-0.0360608039628
2.86623365359	0.275359	-0.0275755	-0.0346459630021	-0.0851093	-0.034106111219	0.0250882	-0.034416766217	0.358918	-0.0349801459152
2.87875065359	0.262842	-0.0507103	-0.0335012853657	-0.0945971	-0.0330246070566	-0.0935042	-0.0332652887703	-0.469683	-0.0338445521827
2.89126665359	0.250326	-0.0042625	-0.0323019376738	0.122583	-0.0318913762697	0.0208009	-0.0320596307862	0.431751	-0.0326546239789
2.90378265359	0.23781	-0.0557661	-0.0310493445809	-0.123523	-0.0307063885841	-0.0871505	-0.0308015115224	-0.490516	-0.0314111136375
2.91629965359	0.225293	-0.0124569	-0.0297450719158	-0.0121254	-0.0294697514871	0.029845	-0.0294927850795	0.387699	-0.0301149397953
2.92881565359	0.212777	-0.0445483	-0.028390826945	-0.0817243	-0.0281817459795	-0.0751753	-0.0281354337799	-0.385025	-0.0287672007752
2.94133165359	0.200261	-0.0135316	-0.0269884576884	0.0218015	-0.0268428602393	0.00176245	-0.0267315608178	0.259704	-0.0273691859386
2.95384765359	0.187745	-0.0312716	-0.0255399512915	0.0257101	-0.0254538203978	-0.039762	-0.0252833823495	-0.243187	-0.0259223848088
2.96636465359	0.175228	-0.0226074	-0.0240474314648	-0.0984126	-0.0240156176866	-0.0227909	-0.0237932191885	0.135068	-0.0244284938038
2.97888065359	0.162712	-0.0231885	-0.0225131550089	0.0562899	-0.0225295312868	-0.0142197	-0.022263488266	-0.139659	-0.0228894204493
2.99139665359	0.150196	-0.0219073	-0.02093950745	-0.160655	-0.0209971463002	-0.028926	-0.0206966940074	0.0642985	-0.0213072849858
3.00391365359	0.137679	-0.0170949	-0.0193289978143	0.136168	-0.0194203663667	-0.0131939	-0.0190954197621	-0.076792	-0.0196844193195
3.01642965359	0.125163	-0.0207431	-0.0176842525797	-0.173343	-0.0178014205634	-0.0221322	-0.0174623194074	0.0166555	-0.0180233633058
3.02894565359	0.112647	-0.0117277	-0.0160080088431	0.163109	-0.0161428643446	-0.0128858	-0.0158001092307	-0.0330573	-0.016326858396
3.04146265359	0.10013	-0.0186342	-0.0143031067527	-0.184929	-0.0144475744095	-0.0172594	-0.0141115601732	-0.0101888	-0.0145978387123
3.05397855359	0.0876141	-0.00902196	-0.0125724812548	0.163065	-0.0127187375157	-0.00996822	-0.0123994904949	-0.0126535	-0.0128394196549
3.06649485359	0.0750978	-0.0140451	-0.0108191532112	-0.180578	-0.0109598333874	-0.0124943	-0.010666758902	-0.0119801	-0.0110548841803
3.07901115359	0.0625815	-0.00635126	-0.00904621994694	0.137677	-0.00917461199593	-0.00703674	-0.00891625815362	-0.00729272	-0.00924766692029
3.09152745359	0.0500652	-0.00934108	-0.00725684529185	-0.133189	-0.00736706561209	-0.00836206	-0.00715090914165	-0.00874735	-0.00742133634298
3.10404375359	0.0375489	-0.00381084	-0.0054542491815	0.0893077	-0.00554139614454	-0.00448539	-0.00537365542109	-0.00418782	-0.00557957518413
3.11656005359	0.0250326	-0.00467262	-0.00364169688766	-0.0684835	-0.00370197838076	-0.004498	-0.00358745814531	-0.00446791	-0.0037261593993
3.12907635359	0.0125163	-0.0012737	-0.00182248794916	0.0303777	-0.00185331983714	-0.00170174	-0.00179529134704	-0.00138545	-0.00186493590875
